tick,amountA,amountB
0,1995.3740492887803,220692.91782549795
1,1995.3740493107994,220692.9178230699
2,1995.3740492441761,220692.91783046073
3,1995.3740492441761,220692.91783046073
4,1995.374049225088,220692.9178325783
5,1995.3740492352376,220692.91783145908
6,1995.3740492352376,220692.91783145908
7,1995.3740492448057,220692.91783040395
8,1995.3740492587428,220692.91782886718
9,1995.3740492587428,220692.91782886718
10,1995.374049224385,220692.91783267862
