tick,amountA,amountB
0,0,0
1,0,0
2,52918.12752032918,516.1111799840855
3,52918.12752032918,516.1111799840855
4,52918.12752821312,516.1111800306368
5,52918.12752821312,516.1111800306368
6,52918.12752821312,516.1111800306368
7,52918.127537841625,516.1111800874888
8,52918.127537841625,516.1111800874888
9,52918.127547718505,516.1111801458075
10,52918.127547718505,516.1111801458075
