tick,amountA,amountB
0,225131.4934143936,1806.7845881864362
1,225131.4934230902,1806.7845881168512
2,225131.4933970229,1806.784588326683
3,225131.49337828634,1806.7845884775047
4,225131.49335410632,1806.7845886721448
5,225131.49338351534,1806.7845884368317
6,225131.4934002653,1806.78458845992
7,225131.4933756793,1806.784588500244
