tick,amountA,amountB
0,224542.90088236553,1813.6734115409593
1,224542.90083473662,1813.673411926824
2,224542.90083473662,1813.673411926824
3,224542.9008913905,1813.6734116655339
4,224542.90092192078,1813.6734116593063
5,224542.9008949792,1813.673411441694
6,224542.90084020726,1813.6734118854279
7,224542.90084020726,1813.6734118854279
8,224542.90086227376,1813.6734119090463
9,224542.9009048057,1813.6734117211552
10,224542.90092406614,1813.6734117431947
